{"sections":{"page":{"type":"page-template","settings":{"section_width":false,"hide_hdft":true,"breadcrumb":true,"bnr":true,"bheight":240,"bheightipad":180,"bheightmob":150,"bnr-wd":600,"show_collection_name":true,"ftTtl":28,"ftTtlm":20,"ttlft":"font2","ttlwt":"fw-700","ttlcase":"tt-u","ftTxt":15,"ttlclr":"#000000","clr_bg":"#f5f5f5","width":1200,"hide_ttl":true}},"163385203540fa4f75":{"type":"hero","settings":{"top-offeset":"none","section_width":true,"npd":true,"ds_height":500,"tb_height":350,"mb_height":250,"parallax_scroll":true,"image":"shopify:\/\/shop_images\/banner-3_4fc2c36d-0765-4af0-958b-c70743743121.jpg","alignment":"center","pretext":"ARE YOU READY?","pcl":"#f9f9f9","pfs":14,"pfsm":13,"pff":"ft1","pfw":"500","plh":1.2,"pmb":10,"pmbm":5,"title":"Start Selling Online<br> Successfully","tcl":"#ffffff","tfs":30,"tfsm":20,"tff":"ft2","tfw":"700","tlh":1.2,"tmb":10,"tmbm":5,"text":"<p>Creative, Flexible and High Performance<br\/> shopify theme!<\/p>","cl":"#ffffff","fs":20,"fsm":14,"fw":"400","lh":1.2,"mb":30,"mbm":20,"button_label":"Purchase Now","button_link":"#","link_image":false,"btn-style":"btn","btn-size-desk":"btn-md","btn-size-mob":"mob-btn-md","isbox":false,"bg":"#ffffff","opt":0.9,"bdr":0,"ibdr":0,"bmw":500,"textalign":"tc","bxalign":"f-jce-md f-aic-md","bxalignm":"f-jcc f-aic","wd":1300,"hero_dealtimer":false,"cnt_date":"12\/03\/2021","cntbg":"#000000","cntcl":"#eeeeee","cntbd":"#000000","snow_effect":false,"snow_style":"style1"}},"1633852075a85afa26":{"type":"featured-product","blocks":{"bf01d7e3-056f-4cac-8de7-83a51d2e0a39":{"type":"title","settings":{"cl":"#000000","fs":22,"fsm":18,"ff":"ft2","fw":"600","transform":"tt-c","bm":20}},"bf58867b-e71f-4960-8cff-c8e131b35cb0":{"type":"ras","settings":{"availability":true,"sku":true,"bm":20}},"22dc92b3-5179-421e-9541-c86595ed21e7":{"type":"price","settings":{"pcl":"#000000","pcls":"#e95144","fs":25,"fsm":16,"pfw":"600","saved":true,"taxship":false,"bm":20}},"359000a1-61c6-47c6-9617-3a31baa93792":{"type":"shortdes","settings":{"type":"shortd","lmt":40,"bm":20}},"303ff356-1c4e-4cea-b21a-c059966e92dd":{"type":"cta","settings":{"qty_sel":true,"giftcard_recipient":false,"bm":15}}},"block_order":["bf01d7e3-056f-4cac-8de7-83a51d2e0a39","bf58867b-e71f-4960-8cff-c8e131b35cb0","22dc92b3-5179-421e-9541-c86595ed21e7","359000a1-61c6-47c6-9617-3a31baa93792","303ff356-1c4e-4cea-b21a-c059966e92dd"],"settings":{"top-offeset":"default","section_width":false,"product":"mi-10-108mp-quad-camera-sd-865-processor-5g","icw":50}},"section_space_gTYCTi":{"type":"section-space","settings":{"sdesk":30,"mdesk":15,"color_bg":"#fff"}},"16338531592ab33c32":{"type":"custom-content","blocks":{"16338531592ab33c32-0":{"type":"text","settings":{"title":"108MP + 13MP + 2MP + 2MP<br><br>","fs":20,"fsm":18,"fw":"600","lh":1.2,"text":"<p>Introducing the highest resolution camera on a smartphone ever. Capture the unseen in every scene with the 108MP sensor. Get more control over each image with the RAW mode built into the camera app. Shoot incredible ultra-wide landscapes. Try out macro photography or get the perfect bokeh effect for all your portraits. A mighty quad camera setup loaded with professional camera.<\/p>","dfs":14,"dlh":1.6,"dfsm":14,"btntxt":"Read More","btnurl":"","btn-style":"btn","width":"wd100","alignment":"center","align_text":"tc","eblock_bg":false,"block_bg":"#f5f5f5","bg_rad":0,"block_txt":"#000000"}},"15a25f0a-0dea-410e-965d-66da30bd635f":{"type":"text","settings":{"title":"LOG Mode","fs":20,"fsm":18,"fw":"600","lh":1.2,"text":"<p>Shooting profile,  or gamma curve, found on some digital video cameras that gives a wide <br\/>dynamic and tonal range, allowing more latitude to apply colour and style choices<\/p>","dfs":14,"dlh":1.6,"dfsm":14,"btntxt":"Read More","btnurl":"","btn-style":"btn","width":"wd50-md","alignment":"top-middle","align_text":"tc","eblock_bg":true,"block_bg":"#aad3c1","bg_rad":0,"block_txt":"#fff"}},"be2adfb1-35bf-47b9-939a-0efb09a540e3":{"type":"text","settings":{"title":"RAW Mode","fs":20,"fsm":18,"fw":"600","lh":1.2,"text":"<p>You only need the main wide camera of the iPhone 11 Pro which supports RAW and then you can use any of our wide or super-wide lenses to replace<br\/> the lost Ultra-wide<\/p>","dfs":14,"dlh":1.6,"dfsm":14,"btntxt":"Read More","btnurl":"","btn-style":"btn","width":"wd50-md","alignment":"top-middle","align_text":"tc","eblock_bg":true,"block_bg":"#f2cca8","bg_rad":0,"block_txt":"#fff"}}},"block_order":["16338531592ab33c32-0","15a25f0a-0dea-410e-965d-66da30bd635f","be2adfb1-35bf-47b9-939a-0efb09a540e3"],"settings":{"title":"Capture the Unseen in the Everyday","subtitle":"","top-offeset":"default","section_width":false,"hide_mobile":false,"section_cov":false,"sec_bg_clr":"#fafafa","bgg":"","grid-spacing":30,"grid-spacing-mbl":10,"prbox_style":"style1","btn-size-desk":"btn-sm","btn-size-mob":"mob-btn-sm"}},"1633853165f703d1c5":{"type":"image-slideshow","blocks":{"1633853165f703d1c5-0":{"type":"image","settings":{"image":"shopify:\/\/shop_images\/banner-3.jpg","link":"","newTab":false}}},"block_order":["1633853165f703d1c5-0"],"settings":{"top-offeset":"default","section_width":true,"npd":true,"brd":0,"autoplay":true,"speed":7,"arrow":true,"arrowc":"#ffffff","arrowbg":"#fff","dot":false,"dots":"","snow_effect":false,"snow_style":"style1"}},"163385345035d4ded6":{"type":"product-slider","settings":{"title":"ACCESSORIES","subtitle":"","collection":"phone","top-offeset":"default","section_width":false,"npd":false,"section_cov":false,"sec_bg_clr":"#fafafa","bgg":"","prbox_style":"style1","grid":4,"tablet-grid":3,"mobile-grid":2,"rows":5,"secondary_image":true,"show_vendor":false,"prlist_btn_show":false,"btn_mobiles":false,"show_color_swatch":false,"color_type":"color","vr_bg_position":"50% 0","color_size":"small","autoplay":false,"speed":5,"show_view_all":"","btn-style":"btn"}},"163385362109be0311":{"type":"video","settings":{"top-offeset":"default","section_width":true,"npd":true,"hide_mobile":false,"bg_rad":0,"video_url":"","mp4video":"shopify:\/\/files\/videos\/2510482_Photography_Nature_Mountain_1280x720.mp4","title":"<b>A Lens for Every Style<\/b>","color_ttl":"#ffffff","tfs":80,"tfsm":29,"bfw":"700","blh":1.2,"btntxt":"","btnurl":"","hide_btn":false,"btn-style":"btn","btn-size":"btn-lg","hide_text":false,"text_align":"f-jcc-md f-aie-md tc","snow_effect":false,"snow_style":"style1"}},"1633853708f804b4d2":{"type":"custom-content","blocks":{"1633853708f804b4d2-0":{"type":"text","settings":{"title":"7P Lens","fs":20,"fsm":18,"fw":"600","lh":1.2,"text":"<p>Impressive light gathering unlocks the full potential of the 108MP camera setup. Try out macro photography or get the perfect bokeh effect for all your portraits.<\/p>","dfs":14,"dlh":1.6,"dfsm":14,"btntxt":"Read More","btnurl":"","btn-style":"btn","width":"wd33-md","alignment":"top-middle","align_text":"center","eblock_bg":true,"block_bg":"#ecb6ac","bg_rad":0,"block_txt":"#fff"}},"82603cc6-1348-47ee-8373-6640f7017aed":{"type":"text","settings":{"title":"HEIF","fs":20,"fsm":18,"fw":"600","lh":1.2,"text":"<p>A JPEG equivalent which takes approximately 50% lesser storage space without losing out on image quality. Try something new every day!<\/p>","dfs":14,"dlh":1.6,"dfsm":14,"btntxt":"Read More","btnurl":"","btn-style":"btn","width":"wd33-md","alignment":"top-middle","align_text":"center","eblock_bg":true,"block_bg":"#f2cca8","bg_rad":0,"block_txt":"#fff"}},"cec54831-214e-49a2-b8f6-b307a32aac19":{"type":"text","settings":{"title":"AI Pixel","fs":20,"fsm":18,"fw":"600","lh":1.2,"text":"<p>Comprehensive pixel optimization for vibrant pictures. All of this made possible with one mighty quad camera setup<\/p>","dfs":14,"dlh":1.6,"dfsm":14,"btntxt":"Read More","btnurl":"","btn-style":"btn","width":"wd33-md","alignment":"top-middle","align_text":"center","eblock_bg":true,"block_bg":"#a9a5c8","bg_rad":0,"block_txt":"#fff"}},"463bc802-9a09-4c34-a7ca-9f2f31074da2":{"type":"text","settings":{"image":"shopify:\/\/shop_images\/3E10CADA-AA5C-5C9D-F4B9-864028375CC6.jpg","title":"Before AI Pixel Optimization","fs":25,"fsm":18,"fw":"600","lh":1.2,"text":"","dfs":16,"dlh":1.3,"dfsm":14,"btntxt":"Read More","btnurl":"","btn-style":"btn","width":"wd50-md","alignment":"top-middle","align_text":"center","eblock_bg":false,"block_bg":"#f5f5f5","bg_rad":0,"block_txt":"#000000"}},"71bfeaab-f413-43a8-ab66-83557458bceb":{"type":"text","settings":{"image":"shopify:\/\/shop_images\/682E99CA-3A10-AEFC-5981-46E76C224511.jpg","title":"After AI Pixel Optimization","fs":25,"fsm":18,"fw":"600","lh":1.2,"text":"","dfs":16,"dlh":1.3,"dfsm":14,"btntxt":"Read More","btnurl":"","btn-style":"btn","width":"wd50-md","alignment":"top-middle","align_text":"center","eblock_bg":false,"block_bg":"#f5f5f5","bg_rad":0,"block_txt":"#000000"}}},"block_order":["1633853708f804b4d2-0","82603cc6-1348-47ee-8373-6640f7017aed","cec54831-214e-49a2-b8f6-b307a32aac19","463bc802-9a09-4c34-a7ca-9f2f31074da2","71bfeaab-f413-43a8-ab66-83557458bceb"],"settings":{"title":"All-New Camera Setup <br>","subtitle":"A mighty quad camera setup loaded with professional camera features like RAW mode<br>\nthat elevate the smartphone camera experience.<br>","top-offeset":"default","section_width":false,"hide_mobile":false,"section_cov":false,"sec_bg_clr":"#fafafa","bgg":"","grid-spacing":30,"grid-spacing-mbl":10,"prbox_style":"style1","btn-size-desk":"btn-sm","btn-size-mob":"mob-btn-sm"}}},"order":["page","163385203540fa4f75","1633852075a85afa26","section_space_gTYCTi","16338531592ab33c32","1633853165f703d1c5","163385345035d4ded6","163385362109be0311","1633853708f804b4d2"]}