{"sections":{"page":{"type":"page-template","settings":{"section_width":false,"hide_hdft":false,"breadcrumb":false,"bnr":false,"bheight":240,"bheightipad":180,"bheightmob":150,"bnr-wd":600,"show_collection_name":true,"ftTtl":28,"ftTtlm":20,"ttlft":"font2","ttlwt":"fw-600","ttlcase":"tt-u","ftTxt":15,"ttlclr":"#000000","clr_bg":"#f5f5f5","width":970,"hide_ttl":false}},"1633702112e4ae85a2":{"type":"richtext","settings":{"top-offeset":"none","fullwidth":false,"section_cov":false,"sec_bg_clr":"rgba(0,0,0,0)","bgg":"","max-width":700,"img_rad":0,"title":"","tcl":"#000000","tfs":32,"tfsm":20,"tff":"ft2","tfw":"700","tlh":1.2,"richtxt":"<p>As a certified Shopify Partner, we have been consistently creating top-performing premium Shopify themes since 2017. With over 15,000 satisfied merchants, our themes are highly praised for their user-friendly interface, strong capabilities, and dependable performance. Our carefully crafted themes provide all the necessary features to ensure the success of your Shopify store in an effortless manner.<\/p>","cl":"#000000","fs":15,"fsm":13,"lh":1.6,"btntxt":"Read More","btnurl":"","btn-style":"btn","btntxt1":"","btnurl1":"","btn-style2":"btn","btn-size-desk":"btn-sm","btn-size-mob":"mob-btn-sm","txt_align":"tc"}},"1633702782070ac30c":{"type":"custom-content","blocks":{"1633702782070ac30c-1":{"type":"image","settings":{"image":"shopify:\/\/shop_images\/fashion_787be7e7-7c09-4366-b4a8-226812bed4ea.jpg","imgurl":"","img_rad":6,"width":"100%","alignment":"center"}},"1633702782070ac30c-0":{"type":"text","settings":{"title":"WHY WE","fs":16,"fsm":16,"fw":"600","lh":1.2,"text":"","dfs":16,"dlh":1.3,"dfsm":14,"btntxt":"Read More","btnurl":"","btn-style":"btn","width":"wd20-md","alignment":"top-middle","align_text":"left","eblock_bg":false,"block_bg":"#f5f5f5","bg_rad":0,"block_txt":"#000000"}},"eed07140-f1a1-4718-94f4-94e32ccb2103":{"type":"text","settings":{"title":"","fs":25,"fsm":18,"fw":"600","lh":1.2,"text":"<p>Our themes come with easy-to-use interface and outstanding support. You can implement your own design. You can easily change the store's appearance as per your requirements using our ready sections and options available. All of this can be yours at the best price available in the market.<\/p>","dfs":14,"dlh":1.6,"dfsm":14,"btntxt":"Read More","btnurl":"","btn-style":"btn","width":"wd75-md","alignment":"center","align_text":"left","eblock_bg":false,"block_bg":"#f5f5f5","bg_rad":0,"block_txt":"#000000"}},"8a140d65-6d1f-4f5f-93f1-da0600d08f22":{"type":"text","settings":{"title":"OUR VISION","fs":16,"fsm":16,"fw":"600","lh":1.2,"text":"","dfs":14,"dlh":1.6,"dfsm":14,"btntxt":"Read More","btnurl":"","btn-style":"btn","width":"wd20-md","alignment":"top-middle","align_text":"left","eblock_bg":false,"block_bg":"#f5f5f5","bg_rad":0,"block_txt":"#000000"}},"c77370ff-5e67-4570-bc10-d2fa93287ec6":{"type":"text","settings":{"title":"","fs":25,"fsm":18,"fw":"600","lh":1.2,"text":"<p> By using our themes, you can improve the way your online store looks and increase your chances of attracting more customers. We work hard to ensure that our themes are both beautiful and effective, so you can achieve your business goals.<\/p>","dfs":14,"dlh":1.6,"dfsm":14,"btntxt":"Read More","btnurl":"","btn-style":"btn","width":"wd75-md","alignment":"center","align_text":"left","eblock_bg":false,"block_bg":"#f5f5f5","bg_rad":0,"block_txt":"#000000"}},"40718c49-79ca-4320-b27d-8999804d71ab":{"type":"text","settings":{"title":"OUR MISSION","fs":16,"fsm":16,"fw":"600","lh":1.2,"text":"","dfs":16,"dlh":1.3,"dfsm":14,"btntxt":"Read More","btnurl":"","btn-style":"btn","width":"wd20-md","alignment":"top-middle","align_text":"left","eblock_bg":false,"block_bg":"#f5f5f5","bg_rad":0,"block_txt":"#000000"}},"8b2834e8-dc5c-4b9f-97a7-133cdb1f5102":{"type":"text","settings":{"title":"","fs":25,"fsm":18,"fw":"600","lh":1.2,"text":"<p>Our goal is to create top-quality Shopify themes that look great and help your business succeed. We focus on making themes that not only look good but also help you make more sales and grow your business.<\/p>","dfs":14,"dlh":1.6,"dfsm":14,"btntxt":"Read More","btnurl":"","btn-style":"btn","width":"wd75-md","alignment":"center","align_text":"left","eblock_bg":false,"block_bg":"#f5f5f5","bg_rad":0,"block_txt":"#000000"}},"6ee42776-fc73-4702-a528-8c7076cb451e":{"type":"text","settings":{"title":"CONTACT US","fs":16,"fsm":16,"fw":"600","lh":1.2,"text":"","dfs":16,"dlh":1.3,"dfsm":14,"btntxt":"Read More","btnurl":"","btn-style":"btn","width":"wd20-md","alignment":"top-middle","align_text":"left","eblock_bg":false,"block_bg":"#f5f5f5","bg_rad":0,"block_txt":"#000000"}},"67d36c2e-c818-445f-b8a0-62c7cf8ff2ca":{"type":"text","settings":{"title":"","fs":25,"fsm":18,"fw":"600","lh":1.2,"text":"<p><strong>55 Gallaxy Enque,<\/strong><br\/>2568 steet, 23568 NY<br\/><br\/><strong>Phone<\/strong> : (440) 000 000 0000 <br\/><strong>Email<\/strong>: sales@yousite.com<\/p>","dfs":14,"dlh":1.6,"dfsm":14,"btntxt":"Read More","btnurl":"","btn-style":"btn","width":"wd75-md","alignment":"center","align_text":"left","eblock_bg":false,"block_bg":"#f5f5f5","bg_rad":0,"block_txt":"#000000"}},"d7d13fe3-df55-4cd6-8a34-d3bd77cc8469":{"type":"liquid","settings":{"code":"","width":"100%","alignment":"f-asc"}}},"block_order":["1633702782070ac30c-1","1633702782070ac30c-0","eed07140-f1a1-4718-94f4-94e32ccb2103","8a140d65-6d1f-4f5f-93f1-da0600d08f22","c77370ff-5e67-4570-bc10-d2fa93287ec6","40718c49-79ca-4320-b27d-8999804d71ab","8b2834e8-dc5c-4b9f-97a7-133cdb1f5102","6ee42776-fc73-4702-a528-8c7076cb451e","67d36c2e-c818-445f-b8a0-62c7cf8ff2ca","d7d13fe3-df55-4cd6-8a34-d3bd77cc8469"],"settings":{"title":"","subtitle":"","top-offeset":"default","section_width":false,"hide_mobile":false,"section_cov":false,"sec_bg_clr":"#fafafa","bgg":"","grid-spacing":30,"grid-spacing-mbl":10,"prbox_style":"style1","btn-size-desk":"btn-sm","btn-size-mob":"mob-btn-sm"}},"163370338231fb431a":{"type":"custom-content","blocks":{"163370338231fb431a-0":{"type":"text","settings":{"title":"OUR TEAM","fs":16,"fsm":16,"fw":"600","lh":1.2,"text":"","dfs":16,"dlh":1.3,"dfsm":14,"btntxt":"Read More","btnurl":"","btn-style":"btn","width":"wd20-md","alignment":"top-middle","align_text":"left","eblock_bg":false,"block_bg":"#f5f5f5","bg_rad":0,"block_txt":"#000000"}},"d7503bf8-9d57-4a7b-8aac-89862c84effa":{"type":"text","settings":{"image":"shopify:\/\/shop_images\/demo2-about-3.jpg","title":"ANGELA ROBOT","fs":16,"fsm":16,"fw":"600","lh":1.2,"text":"<p>FOUNDER & CEO<\/p>","dfs":12,"dlh":1.3,"dfsm":14,"btntxt":"","btnurl":"","btn-style":"btn","width":"wd25-md","alignment":"top-middle","align_text":"center","eblock_bg":false,"block_bg":"#f5f5f5","bg_rad":0,"block_txt":"#000000"}},"31b173ca-f68b-4d1f-9477-ee4ab1522adc":{"type":"text","settings":{"image":"shopify:\/\/shop_images\/demo2-about-2.jpg","title":"JULIA WILLE","fs":16,"fsm":16,"fw":"600","lh":1.2,"text":"<p>Co. FOUNDER<\/p>","dfs":13,"dlh":1.3,"dfsm":14,"btntxt":"Read More","btnurl":"","btn-style":"btn","width":"wd25-md","alignment":"top-middle","align_text":"center","eblock_bg":false,"block_bg":"#f5f5f5","bg_rad":0,"block_txt":"#000000"}},"38032b1b-fbc4-4576-835b-e614f3b86e0f":{"type":"text","settings":{"image":"shopify:\/\/shop_images\/demo2-about-1.jpg","title":"STEVE SMITH","fs":16,"fsm":18,"fw":"600","lh":1.2,"text":"<p>DASHION DESIGNER<\/p>","dfs":14,"dlh":1.3,"dfsm":14,"btntxt":"Read More","btnurl":"","btn-style":"btn","width":"wd25-md","alignment":"top-middle","align_text":"center","eblock_bg":false,"block_bg":"#f5f5f5","bg_rad":0,"block_txt":"#000000"}}},"block_order":["163370338231fb431a-0","d7503bf8-9d57-4a7b-8aac-89862c84effa","31b173ca-f68b-4d1f-9477-ee4ab1522adc","38032b1b-fbc4-4576-835b-e614f3b86e0f"],"settings":{"title":"","subtitle":"","top-offeset":"small","section_width":false,"hide_mobile":false,"section_cov":false,"sec_bg_clr":"#fafafa","bgg":"","grid-spacing":30,"grid-spacing-mbl":10,"prbox_style":"style1","btn-size-desk":"btn-sm","btn-size-mob":"mob-btn-sm"}}},"order":["page","1633702112e4ae85a2","1633702782070ac30c","163370338231fb431a"]}